språk;tema;søk;nøkkelord
no;Rente;Norges Bank rentemøte;Norges Bank|rentemøte|styringsrenten|rentebeslutning
no;Tilsyn;Finanstilsynet bank;Finanstilsynet
no;Boliglån;boliglån bankene;boliglån|boligrente|utlånsforskrift
no;Forbrukslån;forbrukslån;forbrukslån|kredittkort|inkasso
no;Utlånsvekst;utlånsvekst;utlånsvekst|kredittvekst|K2
no;Tapsavsetninger;tapsavsetninger bank;tapsavsetning|utlånstap|mislighold
no;Forsikring;combined ratio forsikring;combined ratio|skadeprosent|forsikringsselskap|Gjensidige|Storebrand|Protector|If Skade|Tryg
no;Resultat;kvartalsresultat sparebank;sparebank|DNB|egenkapitalbevis|bankresultat
sv;Ränta;Riksbanken styrräntan;Riksbanken|styrräntan|räntebesked
sv;Tillsyn;Finansinspektionen bank;Finansinspektionen
sv;Bolån;bolån bankerna;bolån|bolåneränta|amorteringskrav
sv;Konsumtionslån;konsumtionslån;konsumtionslån|privatlån|kortkredit
sv;Utlåning;utlåningstillväxt;utlåning|kredittillväxt
sv;Kreditförluster;kreditförluster bank;kreditförlust|kreditförluster
sv;Försäkring;combined ratio försäkring;combined ratio|försäkringsbolag|Sampo|Länsförsäkringar|Folksam
sv;Resultat;kvartalsrapport bank;Handelsbanken|SEB|Swedbank|Nordea|Avanza|Nordnet|TF Bank|Norion|Resurs
